label	Locality
RD_BTOC_001	BTOC
RD_BTOC_002	BTOC
RD_BTOC_003	BTOC
RD_BTOC_004	BTOC
RD_BTOC_006	BTOC
RD_BTOC_007	BTOC
RD_BTOC_008	BTOC
RD_BTOC_009	BTOC
RD_BTOC_010	BTOC
RD_BTOC_011	BTOC
RD_BTOC_012	BTOC
RD_BTOC_013	BTOC
RD_BTOC_014	BTOC
RD_BTOC_015	BTOC
RD_BTOC_016	BTOC
RD_BTOC_017	BTOC
RD_BTOC_018	BTOC
RD_BTOC_019	BTOC
RD_BTOC_020	BTOC
RD_BTOC_021	BTOC
RD_BTOC_022	BTOC
RD_BTOC_023	BTOC
RD_BTOC_024	BTOC
RD_BTOC_025	BTOC
RD_BTQP_001	BTQP
RD_BTQP_003	BTQP
RD_BTQP_004	BTQP
RD_BTQP_005	BTQP
RD_BTQP_006	BTQP
RD_BTQP_007	BTQP
RD_BTQP_008	BTQP
RD_BTQP_009	BTQP
RD_BTQP_010	BTQP
RD_BTQP_011	BTQP
RD_BTQP_012	BTQP
RD_BTQP_013	BTQP
RD_BTQP_014	BTQP
RD_BTQP_015	BTQP
RD_BTQP_016	BTQP
RD_BTQP_017	BTQP
RD_BTQP_018	BTQP
RD_BTQP_019	BTQP
RD_BTQP_020	BTQP
RD_GSJS_001	GSJS_NS05
RD_GSJS_002	GSJS_NS05
RD_GSJS_003	GSJS_NS05
RD_GSJS_004	GSJS_NS05
RD_GSJS_005	GSJS_NS05
RD_GSJS_006	GSJS_NS05
RD_GSJS_007	GSJS_NS05
RD_GSJS_008	GSJS_NS05
RD_GSJS_009	GSJS_NS05
RD_GSJS_010	GSJS_NS05
RD_GSJS_011	GSJS_NS03
RD_GSJS_012	GSJS_NS03
RD_GSJS_013	GSJS_NS03
RD_GSJS_014	GSJS_NS03
RD_GSJS_015	GSJS_NS03
RD_GSJS_016	GSJS_NS03
RD_GSJS_017	GSJS_NS03
RD_GSJS_018	GSJS_NS03
RD_GSJS_019	GSJS_NS03
RD_GSJS_020	GSJS_NS03
RD_GSJS_021	GSJS_CS03
RD_GSJS_022	GSJS_CS03
RD_GSJS_023	GSJS_CS03
RD_GSJS_024	GSJS_CS03
RD_GSJS_025	GSJS_CS03
RD_GSJS_026	GSJS_CS03
RD_GSJS_027	GSJS_CS03
RD_GSJS_028	GSJS_CS03
RD_GSJS_029	GSJS_CS03
RD_GSJS_030	GSJS_CS03
RD_GSJS_031	GSJS_CS02
RD_GSJS_032	GSJS_CS02
RD_GSJS_033	GSJS_CS02
RD_GSJS_034	GSJS_CS02
RD_GSJS_035	GSJS_CS02
RD_GSJS_036	GSJS_CS02
RD_GSJS_037	GSJS_CS02
RD_GSJS_038	GSJS_CS02
RD_GSJS_039	GSJS_CS02
RD_GSJS_040	GSJS_CS02
RD_GSJS_041	GSJS_CS04
RD_GSJS_042	GSJS_CS04
RD_GSJS_043	GSJS_CS04
RD_GSJS_044	GSJS_CS04
RD_GSJS_045	GSJS_CS04
RD_GSJS_046	GSJS_CS04
RD_GSJS_047	GSJS_CS04
RD_GSJS_048	GSJS_CS04
RD_GSJS_049	GSJS_CS11
RD_GSJS_050	GSJS_CS11
RD_GSJS_051	GSJS_CS11
RD_GSJS_052	GSJS_CS11
RD_GSJS_053	GSJS_CS11
RD_GSJS_054	GSJS_CS11
RD_GSJS_055	GSJS_CS11
RD_GSJS_056	GSJS_CS11
RD_GSJS_057	GSJS_CS11
RD_GSJS_058	GSJS_CS11
RD_GSJS_059	GSJS_CS16
RD_GSJS_060	GSJS_CS16
RD_GSJS_061	GSJS_CS16
RD_GSJS_062	GSJS_CS16
RD_GSJS_063	GSJS_CS16
RD_GSJS_064	GSJS_CS16
RD_GSJS_065	GSJS_CS16
RD_GSJS_066	GSJS_CS16
RD_GSJS_067	GSJS_CS16
RD_GSJS_068	GSJS_CS16
RD_GSJS_069	GSJS_CS16
RD_GSJS_070	GSJS_CS16
RD_GSJS_071	GSJS_CS16
RD_GSJS_072	GSJS_CS16
RD_GSJS_073	GSJS_CS16
RD_GSJS_074	GSJS_CS16
RD_GSJS_075	GSJS_CS16
RD_GSJS_076	GSJS_CS16
RD_GSJS_077	GSJS_CS16
RD_GSJS_078	GSJS_CS16
RD_GSJS_079	GSJS_CS22A
RD_GSJS_080	GSJS_CS22A
RD_GSJS_081	GSJS_CS22A
RD_GSJS_082	GSJS_CS22A
RD_GSJS_083	GSJS_CS22A
RD_GSJS_084	GSJS_CS22A
RD_GSJS_085	GSJS_CS22A
RD_GSJS_086	GSJS_CS22A
RD_GSJS_087	GSJS_CS22A
RD_GSJS_088	GSJS_CS22A
RD_GSJS_089	GSJS_CS22A
RD_GSJS_090	GSJS_CS22A
RD_GSJS_091	GSJS_CS22A
RD_GSJS_092	GSJS_CS22A
RD_GSJS_093	GSJS_CS22A
RD_GSJS_094	GSJS_CS22A
RD_GSJS_095	GSJS_CS22A
RD_GSJS_096	GSJS_CS22A
RD_GSJS_097	GSJS_CS22A
RD_GSJS_098	GSJS_CS22A
RD_GSJS_099	GSJS_BS
RD_GSJS_100	GSJS_BS
RD_GSJS_101	GSJS_BS
RD_GSJS_102	GSJS_BS
RD_GSJS_103	GSJS_BS
RD_GSJS_104	GSJS_BS
RD_GSJS_105	GSJS_BS
RD_GSJS_106	GSJS_BS
RD_GSJS_107	GSJS_BS
RD_GSJS_108	GSJS_BS
RD_GSJS_109	GSJS_BS
RD_GSJS_110	GSJS_BS
RD_GSJS_111	GSJS_BS
RD_GSJS_112	GSJS_BS
RD_GSJS_113	GSJS_BS
RD_GSJS_114	GSJS_BS
RD_GSJS_115	GSJS_BS
RD_GSJS_116	GSJS_BS
RD_GSJS_117	GSJS_BS
RD_GSJS_118	GSJS_BS
RD_GSJS_119	GSJS_SS19
RD_GSJS_120	GSJS_SS19
RD_GSJS_121	GSJS_SS19
RD_GSJS_122	GSJS_SS19
RD_GSJS_123	GSJS_SS19
RD_GSJS_124	GSJS_SS19
RD_GSJS_125	GSJS_SS19
RD_GSJS_126	GSJS_SS19
RD_GSJS_127	GSJS_SS19
RD_GSJS_128	GSJS_SS19
RD_GSTS_001	GSTS
RD_GSTS_002	GSTS
RD_GSTS_003	GSTS
RD_GSTS_004	GSTS
RD_GSTS_005	GSTS
RD_GSTS_006	GSTS
RD_GSTS_007	GSTS
RD_GSTS_008	GSTS
RD_GSTS_009	GSTS
RD_GSTS_010	GSTS
RD_GSTS_011	GSTS
RD_GSTS_012	GSTS
RD_GSTS_013	GSTS
RD_GSTS_014	GSTS
RD_GSTS_015	GSTS
RD_GSTS_016	GSTS
RD_GSTS_017	GSTS
RD_GSTS_018	GSTS
RD_GSTS_019	GSTS
RD_GSTS_020	GSTS
RD_RBFL_001	RBFL
RD_RBFL_002	RBFL
RD_RBFL_003	RBFL
RD_RBFL_004	RBFL
RD_RBFL_005	RBFL
RD_RBFL_006	RBFL
RD_RBFL_007	RBFL
RD_RBFL_008	RBFL
RD_RBFL_009	RBFL
RD_RBFL_010	RBFL
RD_RBFL_011	RBFL
RD_RBFL_012	RBFL
RD_RBFL_013	RBFL
RD_RBFL_014	RBFL
RD_RBFL_015	RBFL
RD_RBFL_016	RBFL
RD_RBFL_017	RBFL
RD_RBFL_018	RBFL
RD_RBFL_019	RBFL
RD_RBFL_020	RBFL
RD_RBFR_001	RBFR
RD_RBFR_002	RBFR
RD_RBFR_003	RBFR
RD_RBFR_004	RBFR
RD_RBFR_005	RBFR
RD_RBFR_006	RBFR
RD_RBFR_007	RBFR
RD_RBFR_008	RBFR
RD_RBFR_009	RBFR
RD_RBFR_010	RBFR
RD_RBFR_011	RBFR
RD_RBFR_012	RBFR
RD_RBFR_013	RBFR
RD_RBFR_014	RBFR
RD_RBFR_015	RBFR
RD_RBFR_016	RBFR
RD_RBFR_017	RBFR
RD_RBFR_018	RBFR
RD_RBFR_019	RBFR
RD_RBFR_020	RBFR
RD_RBRL_001	P226
RD_RBRL_002	P226
RD_RBRL_006	P226
RD_RBRL_007	P226
RD_RBRL_009	P226
RD_RBRL_010	P226
RD_RBRL_014	P226
RD_RBRL_019	P226
RD_RBRL_021	P246
RD_RBRL_022	P246
RD_RBRL_023	P246
RD_RBRL_024	P246
RD_RBRL_025	P246
RD_RBRL_026	P246
RD_RBRL_027	P246
RD_RBRL_028	P246
RD_RBRL_029	P246
RD_RBRL_030	P246
RD_SPKR_001	SPKR
RD_SPKR_002	SPKR
RD_SPKR_003	SPKR
RD_SPKR_004	SPKR
RD_SPKR_005	SPKR
RD_SPKR_006	SPKR
RD_SPKR_007	SPKR
RD_SPKR_008	SPKR
RD_SPKR_009	SPKR
RD_SPKR_010	SPKR
RD_SPKR_011	SPKR
RD_SPKR_012	SPKR
RD_SPKR_013	SPKR
RD_SPKR_014	SPKR
RD_SPKR_015	SPKR
RD_SPKR_016	SPKR
RD_SPKR_017	SPKR
RD_SPKR_018	SPKR
RD_SPKR_019	SPKR
RD_SPKR_020	SPKR
RD_SPSH_001	SPSH
RD_SPSH_002	SPSH
RD_SPSH_003	SPSH
RD_SPSH_004	SPSH
RD_SPSH_005	SPSH
RD_SPSH_006	SPSH
RD_SPSH_007	SPSH
RD_SPSH_008	SPSH
RD_SPSH_009	SPSH
RD_SPSH_010	SPSH
RD_SPSH_011	SPSH
RD_SPSH_012	SPSH
RD_SPSH_013	SPSH
RD_SPSH_014	SPSH
RD_SPSH_015	SPSH
RD_SPSH_016	SPSH
RD_SPSH_017	SPSH
RD_SPSH_018	SPSH
RD_SPSH_019	SPSH
RD_SPSH_020	SPSH
RD_STMR_001	STMR
RD_STMR_002	STMR
RD_STMR_003	STMR
RD_STMR_004	STMR
RD_STMR_005	STMR
RD_STMR_006	STMR
RD_STMR_007	STMR
RD_STMR_008	STMR
RD_STMR_009	STMR
RD_STMR_010	STMR
RD_STMR_011	STMR
RD_STMR_012	STMR
RD_STMR_013	STMR
RD_STMR_014	STMR
RD_STMR_015	STMR
RD_STMR_016	STMR
RD_STMR_017	STMR
RD_STMR_018	STMR
RD_STMR_019	STMR
RD_STMR_020	STMR
RD_STMR_021	STMR
RD_STPR_001	STPR_RD6BT2
RD_STPR_002	STPR_RD6BT2
RD_STPR_003	STPR_RD6BT2
RD_STPR_004	STPR_RD6BT2
RD_STPR_005	STPR_RD6BT2
RD_STPR_006	STPR_RD6BT2
RD_STPR_007	STPR_RD6BT2
RD_STPR_008	STPR_RD6BT2
RD_STPR_009	STPR_RD6BT2
RD_STPR_010	STPR_RD6BT2
RD_STPR_011	STPR_RD6BT2
RD_STPR_012	STPR_RD6BT2
RD_STPR_013	STPR_RD6BT2
RD_STPR_014	STPR_RD6BT2
RD_STPR_015	STPR_RD6BT2
RD_STPR_016	STPR_RD6BT2
RD_STPR_017	STPR_RD6BT2
RD_STPR_018	STPR_RD6BT2
RD_STPR_019	STPR_RD6BT2
RD_STPR_020	STPR_RD6BT2
RD_STPR_021	STPR_RD6FT1
RD_STPR_022	STPR_RD6FT1
RD_STPR_023	STPR_RD6FT1
RD_STPR_024	STPR_RD6FT1
RD_STPR_025	STPR_RD6FT1
RD_STPR_026	STPR_RD6FT1
RD_STPR_027	STPR_RD6FT1
RD_STPR_028	STPR_RD6FT1
RD_STPR_029	STPR_RD6FT1
RD_STPR_030	STPR_RD6FT1
RD_STPR_031	STPR_RD6FT1
RD_STPR_032	STPR_RD6FT1
RD_STRT_001	STRT
RD_STRT_002	STRT
RD_STRT_003	STRT
RD_STRT_004	STRT
RD_STRT_005	STRT
RD_STRT_006	STRT
RD_STRT_007	STRT
RD_STRT_008	STRT
RD_STRT_009	STRT
RD_STRT_010	STRT
RD_STRT_011	STRT
RD_STRT_012	STRT
RD_STRT_013	STRT
RD_STRT_014	STRT
RD_STRT_015	STRT
RD_STRT_016	STRT
RD_STRT_017	STRT
RD_STRT_018	STRT
RD_STRT_019	STRT
RD_STRT_020	STRT
RD_STRT_021	STRT
RD_STWA_001	STWA
RD_STWA_002	STWA
RD_STWA_003	STWA
RD_STWA_004	STWA
RD_STWA_005	STWA
RD_STWA_006	STWA
RD_STWA_007	STWA
RD_STWA_008	STWA
RD_STWA_009	STWA
RD_STWA_010	STWA
RD_STWA_011	STWA
RD_STWA_012	STWA
RD_STWA_013	STWA
RD_STWA_014	STWA
RD_STWA_015	STWA
RD_STWA_016	STWA
RD_STWA_017	STWA
RD_STWA_018	STWA
RD_STWA_019	STWA
RD_STWA_020	STWA
RD_STWA_021	STWA
RD_STWA_022	STWA
RD_STWA_023	STWA
RD_STWA_024	STWA
RD_STWA_025	STWA
RD_STWA_026	STWA
RD_STWA_027	STWA
RD_STWA_028	STWA
RD_STWA_029	STWA
SD_RBRL_003	RBRL
SD_RBRL_004	RBRL
SD_RBRL_005	RBRL
SD_RBRL_008	RBRL
SD_RBRL_011	RBRL
SD_RBRL_012	RBRL
SD_RBRL_013	RBRL
SD_RBRL_015	RBRL
SD_RBRL_016	RBRL
SD_RBRL_017	RBRL
SD_RBRL_018	RBRL
SD_RBRL_020	RBRL
SD_SDHR_001	SDHR
SD_SDHR_002	SDHR
SD_SDWR_001	SDHR
SD_SDWR_002	SDHR
TC_TCCD_001	TuiChub
TC_TCCD_002	TuiChub
TC_TCCD_003	TuiChub
TC_TCCD_004	TuiChub
